{"cameraMode":{"drawMode":0,"name":"Shaded","section":"Shading Mode"},"sceneLighting":true,"audioPlay":false,"sceneViewState":{"m_AlwaysRefresh":false,"showFog":false,"showSkybox":false,"showFlares":false,"showImageEffects":true,"showParticleSystems":true,"showVisualEffectGraphs":true,"m_FxEnabled":true},"in2DMode":false,"pivot":{"x":-0.01499466598033905,"y":1.4881188869476319,"z":-3.9782962799072267},"rotation":{"x":-0.22345086932182313,"y":0.39981094002723696,"z":-0.10115629434585571,"w":-0.8831698894500732},"size":1.1500543355941773,"orthographic":false}