{"cameraMode":{"drawMode":0,"name":"Shaded","section":"Shading Mode"},"sceneLighting":true,"audioPlay":false,"sceneViewState":{"m_AlwaysRefresh":false,"showFog":false,"showSkybox":false,"showFlares":false,"showImageEffects":true,"showParticleSystems":true,"showVisualEffectGraphs":true,"m_FxEnabled":true},"in2DMode":false,"pivot":{"x":-0.04025840759277344,"y":0.7559161186218262,"z":0.05417978763580322},"rotation":{"x":-0.11352650076150894,"y":0.8593616485595703,"z":-0.21742714941501618,"w":-0.44870367646217348},"size":1.016843318939209,"orthographic":false}