{"cameraMode":{"drawMode":0,"name":"Shaded","section":"Shading Mode"},"sceneLighting":true,"audioPlay":false,"sceneViewState":{"m_AlwaysRefresh":false,"showFog":false,"showSkybox":false,"showFlares":false,"showImageEffects":true,"showParticleSystems":true,"showVisualEffectGraphs":true,"m_FxEnabled":true},"in2DMode":false,"pivot":{"x":2.384185791015625e-7,"y":0.7505536079406738,"z":0.17057248950004579},"rotation":{"x":-0.28496500849723818,"y":0.11951471120119095,"z":-0.035835590213537219,"w":-0.9503888487815857},"size":1.2092400789260865,"orthographic":false}